{
  "total_trades": 7,
  "win_rate": 0.2857142857142857,
  "sharpe_ratio": -0.6398495898729006,
  "sortino_ratio": -0.31977946117794864,
  "max_drawdown": -0.043864453888408685,
  "total_pnl": -111.89010941088067,
  "total_return": -0.011189010941088054,
  "avg_rr_realized": 2.013832440362642,
  "regime_performance": {
    "trending_up": {
      "trades": 1,
      "pnl": 230.28986331151145,
      "wins": 1
    },
    "mixed": {
      "trades": 6,
      "pnl": -342.1799727223921,
      "wins": 1
    }
  },
  "skip_reason_breakdown": {
    "HARD_BLOCK": 4738,
    "ADAPTIVE_THRESHOLD": 89,
    "CONFIDENCE_GATE": 140,
    "TREND_GATE": 11,
    "RR_GATE": 6,
    "DRAWDOWN_BLOCK": 48
  },
  "circuit_breaker_activations": 2
}