{
  "total_trades": 11,
  "win_rate": 0.2727272727272727,
  "sharpe_ratio": -1.1127225797757108,
  "sortino_ratio": -0.3876396391496029,
  "max_drawdown": -0.035710149830441386,
  "total_pnl": -218.20921399181725,
  "total_return": -0.02182092139918168,
  "avg_rr_realized": 2.0146134180435826,
  "regime_performance": {
    "mixed": {
      "trades": 7,
      "pnl": -426.2410919832582,
      "wins": 1
    },
    "trending_up": {
      "trades": 4,
      "pnl": 208.03187799144092,
      "wins": 2
    }
  },
  "skip_reason_breakdown": {
    "HARD_BLOCK": 4771,
    "ADAPTIVE_THRESHOLD": 137,
    "CONFIDENCE_GATE": 135,
    "RR_GATE": 8,
    "TREND_GATE": 12
  },
  "circuit_breaker_activations": 5
}